category,title,content
财经,央行开展逆回购操作维护月末流动性,公开市场操作继续保持稳健节奏，银行间资金价格整体平稳，机构预计短期流动性合理充裕。
财经,沪指震荡收涨券商和银行板块走强,市场成交额小幅放大，金融板块带动指数回升，投资者继续关注政策预期和企业盈利修复。
财经,多家上市公司披露半年度业绩预告,新能源和高端制造企业利润增长明显，消费类公司表现分化，机构看好结构性机会。
财经,人民币汇率延续双向波动走势,外汇市场供求保持均衡，专家认为宏观基本面改善将为汇率提供支撑。
财经,财政部发布地方债发行安排,新增专项债资金将重点投向交通能源和民生工程，带动有效投资持续扩大。
财经,黄金价格受避险需求推动走高,国际市场风险偏好下降，贵金属配置价值受到资金关注。
体育,国足公布新一期集训名单多名年轻球员入选,教练组希望通过热身赛考察阵容，球队将重点提升中前场配合效率。
体育,中超焦点战主队补时绝杀取胜,比赛节奏激烈，双方在下半场多次制造威胁，终场前的进球点燃现场气氛。
体育,中国女排逆转对手晋级四强,关键局发球和拦网发挥出色，队员在落后时保持耐心完成反超。
体育,NBA季后赛核心后卫砍下三双,球队依靠外线投射和快速反击建立优势，系列赛悬念继续保留。
体育,羽毛球公开赛国羽混双组合夺冠,决赛中两人网前控制稳定，连续得分锁定胜局。
体育,马拉松赛事周末开跑城市交通临时调整,组委会提醒参赛选手提前领取装备并关注天气变化。
科技,国产大模型发布新版本支持多模态理解,新模型在图像问答和长文本处理方面提升明显，企业应用场景进一步拓展。
科技,手机厂商推出新一代影像旗舰,新品搭载自研芯片和潜望式镜头，主打夜景拍摄与端侧 AI 功能。
科技,自动驾驶企业完成新一轮融资,资金将用于城市道路测试和传感器方案迭代，商业化落地继续提速。
科技,量子计算实验取得关键进展,研究团队提升了量子比特控制精度，为复杂模拟任务提供新的技术路径。
科技,云计算服务商升级算力平台,平台面向人工智能训练优化网络和存储性能，降低企业部署成本。
科技,网络安全公司披露新型钓鱼攻击,攻击者利用伪装邮件窃取账号信息，专家提醒开启多因素认证。
娱乐,热门电影上映首周票房突破十亿元,影片凭借口碑发酵和主演路演带动观影热潮，影院排片占比持续提升。
娱乐,知名歌手宣布全国巡演计划,演唱会将在多座城市举行，门票开售后受到歌迷关注。
娱乐,电视剧大结局引发观众热议,剧情反转和人物命运成为社交平台讨论焦点，主创团队回应续集可能。
娱乐,电影节公布主竞赛单元入围名单,多部青年导演作品入选，现实题材影片受到评委关注。
娱乐,综艺节目新一季阵容官宣,节目组表示将增加户外挑战和文化体验环节，嘉宾组合引发期待。
娱乐,演员凭借新片获得最佳女主角奖,获奖感言感谢剧组和观众支持，并表示将继续尝试不同类型角色。
社会,强降雨导致部分道路积水交通部门紧急处置,多地启动防汛应急响应，工作人员连夜排查低洼路段安全隐患。
社会,社区志愿者为独居老人送上生活物资,街道组织网格员定期走访，帮助老人解决就医和采购难题。
社会,警方破获一起电信诈骗案件,犯罪团伙冒充客服诱导转账，涉案资金已部分追回。
社会,城市更新项目完成老旧小区改造,新增停车位和健身设施后，居民生活环境明显改善。
社会,市场监管部门检查校园周边食品安全,执法人员重点查看进货台账和生产日期，督促商户落实主体责任。
社会,铁路部门迎来暑运客流高峰,车站增开服务窗口并加强引导，保障旅客安全有序出行。
教育,高考志愿填报咨询会吸引众多家长,高校招生老师解读专业设置和录取规则，提醒考生结合兴趣选择方向。
教育,多地中小学启动暑期托管服务,课程包括阅读体育和科学实践，帮助家长解决假期看护需求。
教育,高校发布人工智能专业培养方案,新方案强调数学基础和工程实践，鼓励学生参与真实项目训练。
教育,研究生招生考试报名时间公布,教育部门提醒考生提前核对学历信息并合理安排复习计划。
教育,职业院校技能大赛展示教学成果,参赛学生围绕智能制造和数字服务完成现场任务。
教育,教师培训聚焦课堂数字化转型,专家介绍混合式教学案例，帮助教师提升信息化应用能力。
军事,海军舰艇编队完成远海训练任务,编队围绕防空反潜和综合补给开展演练，检验远海协同能力。
军事,新型无人机亮相防务展,该机具备长航时侦察能力，可在复杂环境下执行巡逻任务。
军事,边防部队开展实战化拉动演练,官兵在高寒地区完成机动部署和通信保障训练。
军事,国防部回应例行军事演训安排,发言人表示相关行动旨在维护国家主权和地区稳定。
军事,陆军某旅组织夜间实弹射击考核,部队重点检验快速反应和精确打击能力。
军事,多国海上联合演习进入实兵阶段,参演舰艇围绕搜救通信和编队航行进行协同训练。
汽车,新能源车企发布全新纯电 SUV,新车续航里程提升并配备智能座舱，预计下季度开启交付。
汽车,多地出台汽车消费补贴政策,购车补贴和以旧换新活动带动展厅客流增加，经销商看好旺季销量。
汽车,车企召回部分车型排查制动隐患,厂家将免费升级相关零部件，提醒车主及时预约维修。
汽车,智能驾驶辅助功能成为新车卖点,消费者关注高速领航和自动泊车体验，行业监管也在持续完善。
汽车,二手车市场交易量环比增长,新能源二手车残值和电池健康成为买家重点关注指标。
汽车,油价调整后车主出行成本小幅变化,专家建议合理规划路线并保持良好驾驶习惯以降低油耗。
